id,rel
856.0,[0]
912.0,"[0, 32]"
1365.0,[0]
1655.0,"[0, 233]"
1990.0,[0]
1991.0,[0]
1992.0,[0]
2214.0,[0]
2234.0,[0]
2308.0,"[0, 63]"
2871.0,"[0, 346]"
1227.0,[1]
2064.0,[1]
2388.0,[1]
770.0,"[2, 40]"
1095.0,[2]
1151.0,[2]
1246.0,"[2, 281]"
1264.0,[2]
1492.0,"[2, 187]"
1825.0,[2]
2026.0,[2]
2050.0,[2]
2677.0,[2]
3209.0,[2]
3404.0,[2]
3965.0,"[2, 134]"
4628.0,"[2, 501]"
3173.0,[3]
3283.0,[3]
745.0,[4]
1082.0,"[4, 447]"
1775.0,[4]
2543.0,[4]
2544.0,[4]
4235.0,[4]
742.0,[5]
997.0,"[5, 160, 161]"
1005.0,[5]
1215.0,"[5, 439]"
1446.0,[5]
1633.0,[5]
3335.0,[5]
4371.0,[5]
934.0,[7]
974.0,[7]
1163.0,[7]
1386.0,[7]
1392.0,[7]
1481.0,"[7, 64]"
1510.0,"[7, 91]"
1515.0,"[7, 310]"
1716.0,[7]
2646.0,"[7, 108]"
3063.0,[7]
3105.0,[7]
3163.0,[7]
3973.0,"[7, 209]"
818.0,"[10, 50]"
1497.0,[10]
1505.0,[10]
1506.0,[10]
1699.0,"[10, 281]"
1711.0,[10]
1939.0,"[10, 404]"
1967.0,[10]
1968.0,[10]
1977.0,[10]
2031.0,[10]
2494.0,[10]
2513.0,[10]
2650.0,[10]
2664.0,[10]
2666.0,[10]
2681.0,[10]
2720.0,[10]
2730.0,[10]
2787.0,"[10, 174]"
4440.0,[10]
1970.0,[11]
3504.0,[11]
739.0,[12]
1373.0,[12]
2535.0,[12]
3186.0,[12]
1198.0,"[14, 92]"
2861.0,"[14, 64]"
883.0,"[15, 258]"
1094.0,[15]
1103.0,[15]
2130.0,[15]
3465.0,"[15, 246]"
3496.0,[15]
3502.0,[15]
3503.0,[15]
867.0,[16]
943.0,"[16, 223]"
1048.0,"[16, 586]"
952.0,[20]
801.0,"[21, 81]"
900.0,"[21, 327]"
902.0,[21]
1221.0,[21]
2410.0,[21]
2411.0,[21]
2833.0,[21]
3134.0,"[21, 268]"
3319.0,[21]
3374.0,[21]
4462.0,[21]
1399.0,"[22, 703]"
731.0,"[23, 69]"
1031.0,[23]
1114.0,[23]
2006.0,[23]
2013.0,[23]
1166.0,[24]
2492.0,[24]
961.0,"[25, 67]"
2077.0,"[25, 141]"
2082.0,[25]
2084.0,"[25, 65]"
2474.0,[25]
3759.0,[25]
1206.0,[26]
2160.0,"[26, 531]"
2996.0,"[26, 205]"
3417.0,[26]
3864.0,[26]
4045.0,[26]
4089.0,[26]
4090.0,[26]
4094.0,[26]
4095.0,[26]
4099.0,[26]
4322.0,[26]
4626.0,[26]
4707.0,[26]
925.0,[29]
1785.0,[29]
1445.0,[30]
1798.0,[30]
2029.0,"[30, 295]"
2803.0,"[30, 469]"
4046.0,[30]
4100.0,[30]
1652.0,[31]
2176.0,[31]
787.0,"[32, 44]"
1123.0,"[32, 490]"
1140.0,"[32, 154]"
1150.0,[32]
1254.0,"[32, 160, 161]"
1478.0,[32]
1479.0,"[32, 196]"
2098.0,[32]
2187.0,[32]
2287.0,[32]
2727.0,[32]
758.0,[34]
762.0,[36]
769.0,[36]
854.0,"[36, 40]"
1651.0,[36]
3888.0,[36]
1428.0,"[37, 432]"
1192.0,[38]
1552.0,"[38, 453]"
1553.0,[38]
1598.0,[38]
1846.0,[38]
2118.0,[38]
2164.0,"[38, 319]"
3131.0,[38]
3243.0,"[38, 277]"
3321.0,"[38, 156]"
3617.0,[38]
4183.0,[38]
761.0,[39]
832.0,[39]
947.0,[39]
1175.0,"[39, 44]"
1442.0,"[39, 51]"
1647.0,[39]
1653.0,[39]
4417.0,[39]
823.0,[40]
840.0,[40]
905.0,"[40, 418]"
907.0,[40]
918.0,[40]
926.0,[40]
928.0,"[40, 55]"
931.0,[40]
932.0,[40]
1156.0,"[40, 534]"
1519.0,[40]
1537.0,[40]
1566.0,"[40, 113]"
1573.0,[40]
1672.0,"[40, 216]"
1771.0,[40]
1789.0,[40]
3695.0,[40]
3935.0,[40]
3936.0,[40]
3955.0,"[40, 209]"
1001.0,"[41, 461]"
3560.0,"[41, 490]"
4743.0,"[41, 54]"
760.0,[42]
846.0,"[42, 490]"
1283.0,[42]
1526.0,[42]
1528.0,[42]
1925.0,"[42, 345]"
3327.0,[42]
4439.0,"[42, 317]"
1410.0,[44]
1877.0,[44]
4237.0,[44]
4238.0,"[44, 279]"
1292.0,[49]
968.0,[50]
1139.0,[50]
1321.0,[50]
1706.0,[50]
2273.0,[50]
2274.0,[50]
2275.0,[50]
2701.0,"[50, 65]"
2894.0,[50]
3211.0,[50]
3215.0,[50]
4627.0,[50]
825.0,[51]
1435.0,[51]
1790.0,[51]
1899.0,[51]
2182.0,[51]
2244.0,[51]
3734.0,[51]
4686.0,[53]
864.0,[55]
979.0,[55]
1074.0,[55]
1089.0,[55]
1186.0,[55]
1339.0,[55]
1599.0,[55]
1756.0,[55]
2508.0,[55]
3154.0,[55]
3883.0,[55]
4070.0,[55]
4593.0,"[55, 308]"
872.0,[57]
1560.0,[57]
4669.0,"[57, 277]"
819.0,[59]
972.0,"[59, 99, 185]"
988.0,[59]
1076.0,[59]
1180.0,"[59, 134]"
1181.0,[59]
1378.0,[59]
4172.0,[59]
4193.0,"[59, 387]"
805.0,[60]
873.0,"[60, 88]"
1372.0,[60]
2078.0,[60]
2434.0,[60]
2456.0,[60]
2510.0,"[60, 162]"
2536.0,"[60, 84]"
2538.0,"[60, 174]"
3174.0,[60]
3178.0,"[60, 586]"
3179.0,[60]
3180.0,[60]
3181.0,[60]
3182.0,[60]
3183.0,[60]
3184.0,[60]
3185.0,"[60, 416]"
4289.0,[60]
4618.0,"[60, 672]"
724.0,[61]
829.0,[61]
844.0,[61]
849.0,"[61, 194]"
919.0,"[61, 169]"
959.0,[61]
2358.0,"[61, 351]"
4137.0,[61]
4138.0,[61]
4140.0,"[61, 107]"
4141.0,[61]
4144.0,[61]
1038.0,[62]
1409.0,[62]
1411.0,"[62, 118, 158]"
1423.0,[62]
1629.0,"[62, 134]"
1810.0,[62]
1834.0,[62]
1840.0,[62]
1872.0,[62]
1906.0,"[62, 366]"
2940.0,[62]
2941.0,[62]
2943.0,[62]
2960.0,[62]
2990.0,[62]
3022.0,[62]
3024.0,[62]
3025.0,[62]
3026.0,[62]
3027.0,[62]
890.0,[63]
1260.0,[63]
2232.0,[63]
2313.0,[63]
2754.0,"[63, 103]"
3652.0,[63]
4510.0,[63]
1803.0,[64]
1804.0,[64]
1805.0,[64]
2070.0,"[64, 370]"
2279.0,[64]
2800.0,[64]
2837.0,[64]
2858.0,[64]
2859.0,[64]
2860.0,"[64, 65]"
2862.0,"[64, 76]"
2942.0,[64]
3256.0,[64]
3279.0,[64]
855.0,[65]
923.0,"[65, 141]"
1622.0,"[65, 342]"
1753.0,[65]
1921.0,[65]
2063.0,[65]
2074.0,[65]
2129.0,"[65, 179]"
2134.0,[65]
2135.0,[65]
2137.0,[65]
2139.0,[65]
2159.0,[65]
2330.0,"[65, 237]"
2556.0,[65]
2626.0,"[65, 275]"
3277.0,[65]
3515.0,[65]
3518.0,[65]
3519.0,[65]
3520.0,[65]
3524.0,[65]
3526.0,"[65, 223]"
3527.0,[65]
3824.0,[65]
4018.0,[65]
4551.0,[65]
1527.0,"[66, 113]"
727.0,[67]
773.0,[67]
777.0,[67]
795.0,[67]
803.0,[67]
857.0,[67]
866.0,[67]
878.0,[67]
886.0,[67]
957.0,[67]
1025.0,[67]
1028.0,[67]
1049.0,[67]
1058.0,[67]
1090.0,[67]
1106.0,[67]
1162.0,[67]
1216.0,[67]
1389.0,[67]
1454.0,[67]
1456.0,"[67, 171]"
1482.0,[67]
1574.0,[67]
1662.0,[67]
1667.0,[67]
1675.0,[67]
1737.0,[67]
1793.0,[67]
1806.0,"[67, 248]"
1819.0,[67]
1856.0,[67]
1873.0,[67]
2100.0,[67]
2112.0,[67]
2125.0,[67]
2285.0,[67]
2316.0,"[67, 104]"
2346.0,[67]
2395.0,[67]
2534.0,[67]
2553.0,[67]
3031.0,[67]
3166.0,[67]
3306.0,[67]
3376.0,[67]
3401.0,"[67, 168]"
3529.0,[67]
3761.0,[67]
4306.0,[67]
4419.0,[67]
4612.0,[67]
4636.0,[67]
2419.0,"[68, 77]"
1251.0,[69]
1263.0,[69]
1394.0,[69]
2042.0,"[70, 135]"
2191.0,"[70, 135]"
1077.0,"[72, 189]"
4113.0,[72]
869.0,[73]
978.0,[74]
1312.0,[74]
3294.0,[74]
4071.0,"[74, 270]"
4077.0,[74]
4078.0,[74]
4108.0,[74]
885.0,[75]
848.0,[76]
1205.0,[76]
2076.0,[76]
2412.0,[76]
2413.0,"[76, 264]"
3416.0,[76]
3440.0,[76]
3843.0,[76]
4427.0,[76]
4293.0,[78]
1438.0,[80]
2185.0,"[80, 417]"
3221.0,"[80, 330]"
3261.0,[80]
3275.0,[80]
969.0,"[81, 118, 158]"
2339.0,[81]
2461.0,[81]
1786.0,[82]
2304.0,[82]
3556.0,[82]
4132.0,[82]
4671.0,[82]
4672.0,[82]
4674.0,[82]
752.0,[84]
897.0,"[84, 531]"
2439.0,[84]
2633.0,"[84, 417]"
2734.0,[84]
3533.0,[84]
3877.0,[84]
4064.0,[84]
4587.0,[84]
4749.0,[84]
794.0,"[85, 290]"
1044.0,"[85, 290]"
1255.0,"[85, 290]"
1313.0,"[85, 290]"
1494.0,"[85, 290]"
1677.0,"[85, 290]"
2685.0,"[85, 290]"
2691.0,"[85, 290]"
3839.0,"[85, 290]"
4546.0,"[85, 290]"
4570.0,"[85, 176, 290]"
811.0,[86]
1184.0,[86]
1204.0,[86]
1685.0,[86]
1848.0,"[86, 266]"
2529.0,[86]
3234.0,[86]
4128.0,[86]
1353.0,[87]
1370.0,[88]
2224.0,[88]
3748.0,[88]
4715.0,"[88, 303]"
1668.0,[89]
2735.0,[89]
3983.0,"[89, 315]"
1910.0,[91]
1911.0,[91]
1913.0,"[91, 301]"
1914.0,[91]
2551.0,[91]
4051.0,[91]
4207.0,[91]
2210.0,[92]
2213.0,"[92, 102]"
3146.0,[92]
1230.0,[93]
4223.0,"[93, 137]"
940.0,[94]
1059.0,[94]
1669.0,[94]
1670.0,[94]
1691.0,[94]
4731.0,[94]
4732.0,[94]
1096.0,[95]
1577.0,[95]
1664.0,[95]
1671.0,"[95, 273]"
1917.0,[95]
2083.0,[95]
2617.0,[95]
3197.0,[95]
4724.0,[95]
4725.0,"[95, 342]"
4726.0,[95]
4728.0,"[95, 209]"
2604.0,[96]
4531.0,[96]
1272.0,[97]
1923.0,"[97, 134]"
2590.0,[97]
2893.0,[97]
4208.0,[97]
4212.0,[97]
4251.0,"[97, 228]"
4529.0,[97]
3325.0,[98]
4204.0,"[99, 185]"
4290.0,"[99, 185]"
4378.0,"[99, 185]"
973.0,[100]
4001.0,[100]
4039.0,"[101, 189]"
1071.0,"[102, 231]"
1567.0,"[102, 485]"
1769.0,[102]
2318.0,"[102, 436]"
2386.0,[102]
2875.0,[102]
3821.0,[102]
4043.0,[102]
4164.0,[102]
1243.0,[103]
1809.0,[103]
2752.0,[103]
799.0,[104]
892.0,"[104, 283]"
1211.0,[104]
2233.0,[104]
2327.0,[104]
2328.0,[104]
2329.0,[104]
3664.0,[104]
4665.0,[104]
927.0,[106]
1912.0,[106]
2221.0,"[106, 268]"
2289.0,[106]
2748.0,[106]
4175.0,[106]
1387.0,"[107, 342]"
1915.0,[107]
2037.0,[107]
2269.0,[107]
2479.0,"[107, 179]"
2651.0,[107]
2823.0,[107]
3066.0,"[107, 301]"
3133.0,[107]
3915.0,"[107, 217]"
986.0,"[108, 154]"
1043.0,[108]
2268.0,[108]
2301.0,"[108, 244]"
2891.0,[108]
3128.0,"[108, 109]"
1812.0,[109]
3118.0,[109]
3132.0,[109]
3201.0,[109]
3545.0,[109]
3706.0,[110]
1152.0,[111]
3946.0,[111]
4676.0,[111]
1449.0,[112]
781.0,[113]
2724.0,"[114, 262]"
1061.0,[115]
1665.0,[115]
2254.0,"[115, 273]"
3618.0,[115]
3953.0,"[115, 310]"
3977.0,"[115, 209]"
4746.0,[115]
2507.0,[116]
3226.0,[116]
3232.0,"[116, 146]"
3458.0,"[117, 278]"
3510.0,[117]
861.0,"[118, 158]"
921.0,"[118, 158, 176]"
1066.0,"[118, 158]"
1403.0,"[118, 158]"
1469.0,"[118, 158]"
2058.0,"[118, 158]"
2149.0,"[118, 158, 189]"
2150.0,"[118, 158]"
2286.0,"[118, 158]"
4364.0,"[118, 158]"
4365.0,"[118, 158]"
4377.0,"[118, 158]"
4379.0,"[118, 158]"
4380.0,"[118, 131, 158]"
4381.0,"[118, 158]"
4382.0,"[118, 158]"
4383.0,"[118, 158]"
1963.0,"[119, 257]"
1965.0,"[119, 257]"
2368.0,"[119, 257, 531]"
2689.0,"[119, 257]"
2690.0,"[119, 257]"
3992.0,"[119, 257]"
1363.0,"[121, 123]"
1455.0,"[121, 123]"
1485.0,"[121, 123]"
1486.0,"[121, 123]"
1680.0,"[121, 123]"
1962.0,"[121, 123]"
2054.0,"[121, 123]"
2055.0,"[121, 123, 404]"
2056.0,"[121, 123]"
2057.0,"[121, 123, 143]"
2165.0,"[121, 123]"
2452.0,"[121, 123]"
2512.0,"[121, 123]"
2708.0,"[121, 123]"
2711.0,"[121, 123]"
2713.0,"[121, 123]"
2714.0,"[121, 123]"
2717.0,"[121, 123]"
2718.0,"[121, 123, 256]"
2729.0,"[121, 123, 469]"
2797.0,"[121, 123]"
735.0,[124]
871.0,"[124, 360]"
1851.0,[124]
2019.0,[124]
3743.0,[124]
3744.0,"[124, 479]"
3757.0,[124]
3794.0,[124]
3795.0,[124]
3822.0,[124]
4230.0,[124]
3250.0,[125]
3812.0,[125]
1997.0,[126]
2874.0,[126]
3557.0,[126]
4344.0,[126]
4243.0,"[127, 201]"
950.0,"[128, 505]"
951.0,[128]
1424.0,"[128, 281]"
3641.0,[128]
3751.0,"[128, 230]"
3849.0,[128]
3852.0,[128]
3906.0,[128]
4359.0,[128]
1173.0,[129]
1686.0,[129]
2789.0,[129]
3125.0,[129]
953.0,[130]
830.0,"[131, 146]"
1578.0,[131]
1601.0,[131]
1616.0,[131]
1759.0,"[131, 360]"
1768.0,[131]
2783.0,[131]
3862.0,[131]
3870.0,[131]
4170.0,[131]
4374.0,[131]
1484.0,[132]
1722.0,"[133, 416]"
1948.0,"[133, 162]"
2154.0,[133]
2758.0,[133]
2950.0,[133]
4596.0,[133]
955.0,[134]
956.0,[134]
991.0,[134]
994.0,"[134, 281]"
1248.0,"[134, 160, 161]"
1822.0,[134]
3078.0,[134]
3204.0,[134]
3595.0,"[134, 465]"
3949.0,[134]
3968.0,[134]
4120.0,"[134, 432]"
1110.0,[137]
1422.0,[137]
1448.0,"[137, 162]"
1450.0,"[137, 226]"
1452.0,[137]
1673.0,[137]
1888.0,[137]
1894.0,"[137, 179]"
1898.0,[137]
1907.0,[137]
1924.0,[137]
3191.0,[137]
3378.0,"[137, 416]"
4217.0,[137]
4218.0,[137]
4219.0,[137]
4222.0,"[137, 152]"
1274.0,"[138, 216]"
3692.0,[139]
948.0,"[140, 197]"
1404.0,"[140, 197]"
1405.0,"[140, 197]"
1589.0,"[140, 197]"
1720.0,"[140, 197]"
1869.0,"[140, 197]"
1881.0,"[140, 197]"
2396.0,"[140, 197]"
2878.0,"[140, 197]"
3410.0,"[140, 197]"
4143.0,"[140, 197]"
4696.0,"[140, 197]"
929.0,[141]
1170.0,[141]
1265.0,[141]
1969.0,"[141, 189]"
2018.0,[141]
2849.0,[141]
2964.0,[141]
2988.0,[141]
2989.0,[141]
3199.0,[141]
4186.0,[141]
4282.0,"[141, 226]"
4458.0,"[141, 516]"
1002.0,[142]
1039.0,[142]
1427.0,[142]
1502.0,"[142, 299]"
1503.0,[142]
1698.0,[142]
1844.0,[142]
1940.0,[142]
1982.0,[142]
922.0,[143]
1041.0,[143]
1415.0,[143]
1833.0,[143]
2977.0,"[143, 281]"
2978.0,[143]
2987.0,"[143, 404]"
3979.0,"[143, 356]"
920.0,[144]
2946.0,[144]
3244.0,"[144, 277]"
4668.0,[144]
2518.0,[145]
1757.0,[146]
2120.0,[146]
2421.0,[146]
2937.0,[146]
3308.0,[146]
4602.0,[146]
4346.0,[152]
3423.0,[153]
3424.0,"[153, 470]"
3425.0,[153]
987.0,[154]
2574.0,[154]
889.0,[155]
1269.0,"[155, 490]"
1451.0,[155]
1750.0,[155]
2407.0,[155]
3464.0,[155]
3568.0,[155]
3573.0,[155]
3576.0,[155]
999.0,[156]
1217.0,[156]
1350.0,"[156, 244]"
2445.0,"[156, 262]"
2454.0,[156]
3298.0,"[156, 281]"
3301.0,[156]
3377.0,[156]
3624.0,[156]
4281.0,[156]
1591.0,[157]
938.0,[162]
1020.0,[162]
1042.0,[162]
1202.0,[162]
1219.0,[162]
1331.0,[162]
1332.0,[162]
1947.0,[162]
1960.0,[162]
1980.0,[162]
1996.0,"[162, 373]"
1999.0,[162]
2000.0,[162]
2001.0,[162]
2361.0,[162]
2621.0,"[162, 496]"
2623.0,[162]
2624.0,[162]
2625.0,[162]
2635.0,"[162, 451]"
2839.0,[162]
2876.0,[162]
3002.0,[162]
3076.0,[162]
3305.0,[162]
3621.0,[162]
3764.0,[162]
3765.0,[162]
3766.0,"[162, 342]"
3767.0,[162]
3768.0,[162]
3770.0,[162]
4391.0,"[162, 547]"
4632.0,[162]
2282.0,[163]
1488.0,[164]
1558.0,[164]
2805.0,[164]
1694.0,[168]
2970.0,[168]
3400.0,[168]
3402.0,[168]
4495.0,[168]
1233.0,[169]
930.0,[171]
1998.0,[171]
2005.0,[171]
2012.0,[171]
2722.0,[171]
2798.0,[171]
3000.0,[171]
3032.0,[171]
3039.0,"[171, 408]"
3045.0,[171]
730.0,"[172, 219]"
1297.0,[172]
4336.0,[172]
4548.0,[173]
1019.0,[174]
1326.0,[174]
1327.0,[174]
1821.0,[174]
2786.0,[174]
3176.0,[174]
4192.0,[174]
4444.0,[174]
1223.0,[176]
1224.0,[176]
1385.0,"[176, 282]"
2408.0,[176]
2586.0,[176]
2907.0,[176]
3356.0,[176]
3859.0,"[176, 223]"
4550.0,[176]
3092.0,[178]
1209.0,[179]
1715.0,"[179, 430]"
2299.0,"[179, 247]"
2437.0,[179]
2822.0,[179]
3097.0,[179]
3236.0,[179]
3239.0,[179]
3240.0,[179]
3805.0,[179]
4482.0,[179]
1137.0,[180]
1396.0,"[180, 347]"
1521.0,[180]
1543.0,[180]
1555.0,[180]
1572.0,[180]
1736.0,[180]
2212.0,[180]
3332.0,[180]
3711.0,[180]
4569.0,[180]
4585.0,[180]
1564.0,[182]
1842.0,[182]
2068.0,[182]
3586.0,[182]
3593.0,"[182, 432]"
2709.0,[183]
3672.0,[184]
1976.0,[186]
2257.0,"[186, 273]"
1010.0,"[187, 404]"
1011.0,[187]
1012.0,[187]
1490.0,[187]
1491.0,[187]
1663.0,[187]
1930.0,"[187, 351]"
2016.0,[187]
2061.0,"[187, 221]"
2062.0,[187]
2065.0,[187]
2066.0,[187]
2067.0,[187]
2207.0,[187]
2636.0,[187]
2672.0,[187]
2706.0,[187]
2770.0,[187]
3609.0,"[187, 463]"
3750.0,[187]
4459.0,"[187, 532]"
2119.0,[188]
4031.0,[188]
4034.0,[188]
4481.0,[188]
734.0,[189]
1412.0,[189]
1816.0,[189]
1889.0,[189]
2045.0,[189]
2046.0,[189]
2047.0,[189]
2059.0,"[189, 496]"
3517.0,[189]
3778.0,[189]
3779.0,[189]
4032.0,"[189, 379]"
4041.0,[189]
4042.0,[189]
4056.0,[189]
4060.0,[189]
4061.0,[189]
4062.0,[189]
4109.0,[189]
4277.0,[189]
4667.0,"[189, 216]"
2008.0,[192]
2830.0,"[192, 222]"
3038.0,[192]
2688.0,[193]
1318.0,[194]
1476.0,[194]
3626.0,[194]
3543.0,[195]
4260.0,[195]
4263.0,[195]
3889.0,[196]
4477.0,[196]
1300.0,[198]
2116.0,[198]
2497.0,"[198, 422]"
2567.0,[198]
3093.0,[198]
3912.0,[199]
1060.0,[200]
2792.0,[201]
3300.0,[201]
3462.0,[201]
740.0,[202]
1439.0,[202]
2486.0,[202]
2487.0,[202]
2491.0,[202]
2496.0,[202]
4125.0,[202]
2606.0,[206]
3865.0,[206]
3884.0,[206]
4214.0,[206]
2136.0,"[207, 519]"
743.0,[208]
1540.0,"[208, 648]"
2229.0,[208]
4102.0,[208]
1328.0,"[209, 404]"
2596.0,[209]
3486.0,[209]
3954.0,[209]
3993.0,[209]
1631.0,[211]
4239.0,[211]
2812.0,[212]
3933.0,[212]
4505.0,[212]
1783.0,"[215, 404]"
759.0,[217]
1431.0,"[217, 432]"
1732.0,[217]
3147.0,[217]
3342.0,[217]
3351.0,[217]
3583.0,[217]
3919.0,[217]
847.0,[219]
3233.0,[220]
1138.0,"[221, 254]"
1765.0,[221]
1766.0,[221]
1927.0,[221]
2784.0,"[221, 404]"
2992.0,[221]
3287.0,[221]
3455.0,[221]
3735.0,[221]
3802.0,[221]
965.0,"[222, 522]"
966.0,[222]
967.0,[222]
1322.0,[222]
1682.0,[222]
2028.0,[222]
2142.0,[222]
3811.0,[222]
4318.0,[222]
4338.0,"[222, 256]"
839.0,[223]
888.0,[223]
1154.0,"[223, 310]"
1400.0,[223]
1626.0,"[223, 342]"
2555.0,[223]
3873.0,[223]
2226.0,[224]
2401.0,"[224, 316]"
2502.0,"[224, 279]"
2564.0,[224]
2675.0,[224]
4431.0,"[224, 511]"
1864.0,[226]
2430.0,[226]
3972.0,[226]
3994.0,[226]
4428.0,[226]
2702.0,[228]
1352.0,[229]
1644.0,[229]
2524.0,[229]
2698.0,"[229, 715]"
3009.0,[229]
3122.0,[229]
3752.0,"[230, 490]"
851.0,[231]
2169.0,[231]
2744.0,"[231, 492]"
4689.0,[231]
4710.0,[231]
4751.0,[231]
3879.0,[233]
3753.0,[234]
3754.0,[234]
3756.0,[234]
2895.0,[235]
4355.0,[235]
3431.0,[236]
984.0,"[237, 323]"
2955.0,"[237, 264]"
4699.0,[237]
2356.0,"[238, 335]"
2832.0,[238]
4742.0,[238]
1593.0,[242]
2237.0,"[242, 254]"
2239.0,[242]
2260.0,[243]
2448.0,[243]
2897.0,[243]
1253.0,"[244, 418]"
1348.0,[244]
1568.0,[244]
2280.0,[244]
2281.0,[244]
2892.0,[244]
3137.0,"[244, 268]"
3914.0,[244]
798.0,[245]
2526.0,"[245, 597]"
4150.0,[245]
4199.0,[245]
4286.0,"[245, 340]"
783.0,[246]
1341.0,[246]
1343.0,[246]
2246.0,[246]
2255.0,[246]
2267.0,[246]
3198.0,[246]
3420.0,[246]
3074.0,[247]
3161.0,[247]
3007.0,[248]
3033.0,[248]
3034.0,[248]
4673.0,[249]
3434.0,[250]
2373.0,[251]
3018.0,[251]
4333.0,[251]
4584.0,[252]
2794.0,"[254, 487]"
998.0,"[256, 511]"
1000.0,[256]
1006.0,[256]
1461.0,[256]
1717.0,[256]
2441.0,[256]
2755.0,[256]
3622.0,[256]
4264.0,[256]
1477.0,[258]
2247.0,[258]
2259.0,[258]
2278.0,"[258, 408]"
3660.0,[258]
1333.0,[260]
2956.0,[260]
3788.0,[260]
2148.0,[262]
2741.0,[262]
2908.0,[262]
4549.0,[262]
2857.0,[263]
983.0,[264]
1285.0,[264]
1417.0,[264]
1845.0,[264]
1943.0,[264]
2465.0,[264]
2696.0,[264]
3796.0,[264]
3797.0,[264]
3798.0,[264]
3801.0,[264]
4331.0,[264]
4629.0,[264]
2629.0,[265]
3511.0,[265]
4066.0,[265]
4069.0,[265]
1849.0,[266]
1153.0,[267]
2305.0,[268]
2657.0,[268]
3130.0,"[268, 440]"
1276.0,[269]
2856.0,"[269, 496]"
1429.0,[270]
1430.0,"[270, 584]"
1608.0,[270]
1739.0,[270]
1740.0,[270]
3575.0,[270]
3623.0,[270]
3737.0,[270]
4023.0,[270]
4114.0,[270]
4119.0,[270]
4121.0,[270]
1338.0,[271]
1371.0,"[271, 342]"
2658.0,[271]
3258.0,[271]
3724.0,[271]
3112.0,[272]
1342.0,[273]
1368.0,[273]
2256.0,[273]
2900.0,[273]
3195.0,[273]
3216.0,[273]
3217.0,[273]
3278.0,[273]
3360.0,[273]
3245.0,[274]
1605.0,[276]
860.0,[277]
1078.0,[277]
1384.0,[277]
1749.0,[277]
2499.0,[277]
2500.0,[277]
3235.0,"[277, 388]"
3241.0,[277]
3242.0,[277]
4366.0,[277]
1701.0,[278]
1707.0,[278]
3309.0,[278]
3310.0,"[278, 688]"
3409.0,[278]
3412.0,[278]
3732.0,[278]
4469.0,[278]
1143.0,[279]
1782.0,[279]
2241.0,[279]
3090.0,[279]
1458.0,[280]
1565.0,[280]
1879.0,[280]
3001.0,[280]
1120.0,[281]
1245.0,[281]
1512.0,[281]
1695.0,[281]
1892.0,[281]
3040.0,[281]
3205.0,[281]
3282.0,[281]
3397.0,[281]
3447.0,[281]
3562.0,[281]
4158.0,[281]
4232.0,[281]
4269.0,[281]
4434.0,[282]
863.0,[283]
881.0,[283]
1349.0,[283]
1638.0,[283]
2298.0,"[283, 308]"
3077.0,[283]
3144.0,[283]
3190.0,[283]
3498.0,[283]
4321.0,[283]
4709.0,[283]
2493.0,[285]
4363.0,[287]
876.0,[289]
2011.0,[289]
2843.0,[289]
2846.0,"[289, 453]"
2847.0,[289]
3268.0,[289]
3414.0,[289]
3499.0,[289]
3708.0,[289]
4554.0,[292]
1107.0,[293]
1674.0,[293]
1891.0,[293]
1994.0,[293]
2022.0,"[293, 363]"
2997.0,[293]
3633.0,[293]
3688.0,[293]
3783.0,[293]
4195.0,[293]
4297.0,[293]
4300.0,[293]
4301.0,[293]
4316.0,[293]
4328.0,[293]
4566.0,[293]
3717.0,[295]
1299.0,[297]
2854.0,[297]
3970.0,[298]
4471.0,"[298, 533]"
1855.0,[299]
1017.0,[301]
1261.0,[301]
1547.0,[301]
1958.0,[301]
2616.0,[301]
4189.0,[301]
1544.0,[302]
1854.0,[302]
2834.0,"[303, 543]"
1542.0,[304]
1797.0,[304]
1592.0,[306]
2015.0,[306]
2145.0,[306]
2468.0,[306]
4670.0,[306]
2462.0,[308]
812.0,[310]
827.0,"[310, 439]"
917.0,[310]
1516.0,[310]
3696.0,[310]
3875.0,[310]
3897.0,[310]
3940.0,"[310, 492]"
3439.0,[316]
4621.0,[316]
4649.0,[316]
1222.0,[317]
2415.0,[317]
2417.0,[317]
4416.0,[317]
4426.0,[317]
1144.0,[320]
2206.0,[320]
2539.0,[320]
1213.0,[321]
2178.0,[321]
2190.0,[321]
1780.0,[322]
2424.0,"[322, 373]"
2427.0,[322]
2450.0,"[322, 402]"
3296.0,[322]
3380.0,[322]
3384.0,"[322, 395]"
3391.0,[322]
3443.0,[322]
3450.0,[322]
3460.0,[322]
2081.0,[324]
3539.0,[326]
1270.0,[327]
2128.0,[327]
2332.0,[327]
1561.0,[328]
3541.0,[328]
2352.0,[335]
3471.0,[335]
4722.0,[335]
1607.0,[336]
1843.0,[336]
2216.0,[336]
2325.0,[336]
2392.0,[336]
4484.0,[336]
4748.0,[336]
3613.0,[338]
4511.0,[338]
4397.0,[340]
786.0,[341]
1868.0,[341]
2025.0,[341]
2483.0,[341]
2628.0,"[341, 351]"
2653.0,[341]
4015.0,[341]
4285.0,"[341, 439]"
4288.0,[341]
4291.0,[341]
915.0,"[342, 484]"
1193.0,[342]
1210.0,[342]
1627.0,[342]
2303.0,[342]
2920.0,[342]
3225.0,[342]
3345.0,[342]
3446.0,[342]
3908.0,[342]
4149.0,[342]
4340.0,[342]
4342.0,[342]
4406.0,"[342, 531]"
4470.0,[342]
4651.0,"[342, 672]"
1067.0,"[344, 360]"
3264.0,[344]
3483.0,[344]
4737.0,[344]
1983.0,[345]
4216.0,[345]
4591.0,[345]
1304.0,[347]
1926.0,[347]
2464.0,[347]
3451.0,[347]
4160.0,[347]
4682.0,[348]
914.0,[349]
3710.0,[349]
3856.0,[349]
3974.0,"[349, 461]"
903.0,[350]
1897.0,[350]
2189.0,[350]
3426.0,[350]
3589.0,"[350, 472]"
4111.0,[350]
4542.0,[350]
1052.0,[351]
1504.0,[351]
1679.0,[351]
1929.0,[351]
2588.0,[351]
2589.0,[351]
2593.0,[351]
2601.0,[351]
2743.0,[351]
3477.0,[351]
3605.0,"[351, 490]"
4233.0,[351]
4714.0,[351]
1063.0,[352]
1658.0,[352]
1659.0,[352]
1660.0,[352]
4735.0,[352]
4736.0,[352]
4754.0,[352]
4755.0,"[352, 368]"
4756.0,[352]
1764.0,[353]
1974.0,[353]
2632.0,[353]
2683.0,[353]
4608.0,[354]
2579.0,[355]
3383.0,[355]
4276.0,[355]
1075.0,[356]
1093.0,[356]
1727.0,"[356, 447]"
1728.0,[356]
3978.0,[356]
3996.0,[356]
3997.0,[356]
3999.0,"[356, 387]"
4000.0,[356]
4003.0,[356]
4101.0,[356]
4609.0,[357]
4610.0,"[357, 385]"
4611.0,[357]
2240.0,[359]
1069.0,[360]
1070.0,[360]
1755.0,[360]
1761.0,[360]
3534.0,[360]
4601.0,[360]
4605.0,[360]
4613.0,[360]
4615.0,[360]
945.0,[361]
3966.0,"[365, 489]"
1258.0,[366]
2453.0,[366]
2719.0,[366]
2819.0,[366]
2901.0,[366]
3648.0,[366]
4385.0,[366]
4429.0,"[366, 511]"
2091.0,[367]
2095.0,[367]
1330.0,[368]
3554.0,[369]
4303.0,"[369, 404]"
970.0,[370]
3755.0,[370]
3029.0,[371]
3116.0,[371]
3480.0,"[371, 407]"
3982.0,[371]
4074.0,[373]
3684.0,[378]
3791.0,[378]
3834.0,[378]
4047.0,[378]
1351.0,[379]
4256.0,[379]
4314.0,[379]
2712.0,[380]
1993.0,[383]
2575.0,[383]
2577.0,[383]
2791.0,[385]
3603.0,[385]
1016.0,[386]
793.0,[387]
1896.0,"[387, 586]"
2985.0,[387]
3772.0,[387]
4076.0,[390]
2767.0,[391]
4049.0,[392]
4539.0,[397]
4694.0,[397]
2750.0,[402]
908.0,[404]
1018.0,"[404, 492]"
1324.0,[404]
1325.0,[404]
1954.0,[404]
1955.0,[404]
2367.0,"[404, 531]"
2779.0,[404]
2780.0,"[404, 472]"
2782.0,[404]
2821.0,[404]
3863.0,[406]
3479.0,[407]
1703.0,[408]
1705.0,[408]
1995.0,[408]
2039.0,[408]
3372.0,[408]
3393.0,[408]
4011.0,[408]
2506.0,[410]
3227.0,[410]
3816.0,[410]
3611.0,[411]
2503.0,[413]
3085.0,[413]
3931.0,[413]
4063.0,[414]
4167.0,[414]
3433.0,[415]
1190.0,[416]
3415.0,[416]
3441.0,[416]
3445.0,[416]
3454.0,[416]
3456.0,[416]
2133.0,[417]
2622.0,[417]
2262.0,[418]
3385.0,[418]
3594.0,[418]
4249.0,[418]
3222.0,[420]
3231.0,[420]
3220.0,[423]
2774.0,[425]
2476.0,[426]
3315.0,[426]
3316.0,[426]
3135.0,[428]
3561.0,"[429, 583]"
4118.0,[432]
3654.0,[433]
3550.0,[437]
1718.0,[438]
4252.0,[438]
1447.0,[439]
4022.0,[440]
2449.0,[444]
4461.0,[444]
4488.0,"[444, 548]"
4054.0,[446]
899.0,[447]
1432.0,[447]
1787.0,[447]
2435.0,[447]
4130.0,[447]
4757.0,[447]
1618.0,[452]
2035.0,[453]
2099.0,[453]
2114.0,[453]
2531.0,[453]
3726.0,[453]
3851.0,[453]
4680.0,[453]
3886.0,[456]
1126.0,[457]
3635.0,[457]
3645.0,[457]
747.0,[461]
3569.0,[463]
4250.0,"[464, 590]"
4274.0,[464]
3165.0,[466]
1813.0,[469]
1882.0,[469]
4666.0,[472]
4752.0,"[472, 520]"
4229.0,[475]
4231.0,[475]
4350.0,[475]
4353.0,[477]
1334.0,[478]
1534.0,[478]
2146.0,[478]
3320.0,[478]
1988.0,"[480, 570]"
3407.0,[480]
2886.0,[485]
3207.0,[485]
2302.0,[486]
3964.0,"[489, 543]"
1124.0,[490]
1176.0,[490]
1189.0,[490]
1949.0,[490]
2014.0,[490]
2818.0,"[490, 715]"
3120.0,[490]
3559.0,[490]
3564.0,[490]
3565.0,[490]
3578.0,[490]
3628.0,[490]
3629.0,[490]
4310.0,[490]
813.0,[492]
1092.0,[492]
1444.0,[492]
2879.0,[492]
3013.0,[492]
3017.0,[492]
3661.0,[493]
3947.0,[493]
3741.0,[495]
4562.0,[495]
1612.0,[496]
2080.0,[496]
2838.0,[496]
2959.0,[496]
2967.0,[496]
3028.0,[496]
3473.0,[496]
4631.0,[496]
2723.0,[499]
1858.0,[500]
2973.0,"[501, 523]"
3733.0,"[501, 574]"
4224.0,[501]
3890.0,[502]
1700.0,[503]
4547.0,[504]
3202.0,[505]
3506.0,[508]
2835.0,[510]
2460.0,[511]
2472.0,[511]
3237.0,[512]
4476.0,[514]
4441.0,[516]
3736.0,[517]
3904.0,[517]
3110.0,[520]
4653.0,[520]
4719.0,[520]
4727.0,[521]
1203.0,[522]
1610.0,[522]
3837.0,[522]
4614.0,[522]
4409.0,[524]
1657.0,[527]
1661.0,[527]
4127.0,[527]
4280.0,[527]
1279.0,[531]
2075.0,[531]
2131.0,[531]
2344.0,[531]
2366.0,[531]
2371.0,[531]
2378.0,[531]
4400.0,[531]
4403.0,[531]
4405.0,[531]
4407.0,[531]
4408.0,[531]
2248.0,[534]
2315.0,[534]
2355.0,[534]
3108.0,[534]
3164.0,[534]
3484.0,[534]
4503.0,[534]
1273.0,[537]
3509.0,[537]
1683.0,[544]
1689.0,[544]
4148.0,[544]
1808.0,[545]
2110.0,[545]
2867.0,[545]
2868.0,[545]
3987.0,[545]
1278.0,[547]
2319.0,[547]
4486.0,[547]
4103.0,[560]
1918.0,[564]
2017.0,[564]
2971.0,[574]
1237.0,[580]
1900.0,[580]
3800.0,[580]
3284.0,[583]
3612.0,[583]
1908.0,[586]
2350.0,[586]
3102.0,[586]
3494.0,[586]
3771.0,[586]
3899.0,[586]
4445.0,[586]
2733.0,[601]
3553.0,[633]
3418.0,[634]
4706.0,[646]
879.0,[655]
3170.0,[655]
3579.0,[655]
4588.0,[655]
4024.0,[672]
4287.0,[672]
4536.0,[672]
4589.0,[672]
4644.0,[672]
3902.0,[679]
1315.0,[682]
1496.0,[688]
3408.0,[688]
3552.0,[688]
3601.0,[688]
3610.0,[688]
4227.0,[688]
2592.0,[709]
2620.0,[709]
2932.0,[715]
2963.0,[715]
3604.0,[715]
3478.0,[720]
3538.0,[720]
